symbol,timeframe,strategy_name,params,is_pf,is_win_rate,is_max_dd,is_trades,oos_pf,oos_win_rate,oos_max_dd,oos_trades,degradation,verdict,confirm_net_profit,confirm_profit_factor,confirm_win_rate,confirm_max_dd,confirm_trades,holdout_pairs,holdout_positives,holdout_avg_pf,holdout_net,generalized,registered
ALGOUSDT,4h,rsi_ob_os,RSI_PERIOD=7,1.21,40.0,22.47,30,2.08,54.5,15.05,11,-71.9,robust,2914.28,1.27,43.6,26.41,39,,,,,,
AXSUSDT,1h,atr_breakout,ATR_PERIOD=21|ATR_MULTIPLIER=2.0,1.23,45.9,21.03,37,1.24,40.0,11.3,20,-0.81,robust,2025.63,1.24,43.9,21.03,57,,,,,,
BONKUSDT,4h,bearish_engulfing,LOOKBACK=5,1.21,40.9,25.93,22,,100.0,32.94,1,0.0,robust,-710.93,0.92,37.5,25.93,32,,,,,,
FILUSDT,4h,rsi_ob_os,RSI_PERIOD=7,1.22,42.3,23.91,26,1.28,42.9,16.66,14,-4.92,robust,1553.01,1.13,41.7,30.81,36,,,,,,
FILUSDT,4h,stochastic,K_PERIOD=21,1.37,41.4,39.73,29,1.28,44.4,15.26,18,6.57,robust,1036.96,1.09,38.5,39.73,39,,,,,,
FLOWUSDT,4h,rsi_ob_os,RSI_PERIOD=14,1.22,41.9,24.46,31,2.43,57.1,12.16,14,-99.18,robust,5406.46,1.51,45.7,24.46,46,ARUSDT;DOGEUSDT;JTOUSDT;LINKUSDT,4,0.8375,-1052.54,False,
FLOWUSDT,4h,rsi_ob_os,RSI_PERIOD=21,1.33,38.9,18.26,18,2.28,53.8,12.25,13,-71.43,robust,5479.87,1.74,45.2,18.26,31,ARUSDT;DOGEUSDT;JTOUSDT;LINKUSDT,4,0.6625,-8054.3,False,
FLOWUSDT,4h,bullish_engulfing,LOOKBACK=2,1.4,46.7,22.0,30,2.12,53.8,15.87,13,-51.43,robust,7029.33,1.55,46.5,22.0,43,ARUSDT;DOGEUSDT;JTOUSDT;LINKUSDT,4,0.9375,-4202.57,False,
LTCUSDT,4h,volume_spike,LOOKBACK=20|MULTIPLIER=2.0,1.35,42.3,13.57,26,1.43,45.5,7.82,11,-5.93,robust,1187.19,1.23,40.5,13.57,37,,,,,,
LTCUSDT,4h,volume_spike,LOOKBACK=20|MULTIPLIER=2.5,1.35,42.3,13.57,26,1.43,45.5,7.82,11,-5.93,robust,1187.19,1.23,40.5,13.57,37,,,,,,
LTCUSDT,4h,volume_spike,LOOKBACK=40|MULTIPLIER=2.0,1.35,42.3,13.57,26,1.43,45.5,7.82,11,-5.93,robust,1187.19,1.23,40.5,13.57,37,,,,,,
LTCUSDT,4h,volume_spike,LOOKBACK=40|MULTIPLIER=2.5,1.35,42.3,13.57,26,1.43,45.5,7.82,11,-5.93,robust,1187.19,1.23,40.5,13.57,37,,,,,,
NEARUSDT,1h,bollinger_bounce,PERIOD=15|NUM_STD=2.5,1.2,33.3,10.77,15,2.19,50.0,7.88,10,-82.5,robust,1268.22,1.45,38.5,10.77,26,ARUSDT;DOGEUSDT;JTOUSDT;LINKUSDT,4,0.64,-7284.66,False,
ONDOUSDT,1h,atr_breakout,ATR_PERIOD=7|ATR_MULTIPLIER=2.0,1.21,45.5,26.77,44,1.56,35.7,10.01,14,-28.93,robust,2431.15,1.29,43.1,26.77,58,,,,,,
RAYUSDT,4h,rsi_divergence,RSI_PERIOD=14|PIVOT_WINDOW=30,1.47,45.8,21.77,24,1.64,60.0,6.88,5,-11.56,robust,1854.9,1.28,44.8,21.77,29,,,,,,
RAYUSDT,4h,rsi_divergence,RSI_PERIOD=14|PIVOT_WINDOW=45,1.47,45.8,21.77,24,1.64,60.0,6.88,5,-11.56,robust,1854.9,1.28,44.8,21.77,29,,,,,,
RENDERUSDT,4h,price_channel,PERIOD=20,1.55,42.9,20.93,21,1.23,50.0,16.03,10,20.65,robust,4434.98,1.5,46.7,20.93,30,ARUSDT;DOGEUSDT;JTOUSDT;LINKUSDT,4,0.54,-16727.45,False,
RENDERUSDT,4h,price_channel,PERIOD=40,1.55,42.9,20.93,21,1.23,50.0,16.03,10,20.65,robust,4434.98,1.5,46.7,20.93,30,ARUSDT;DOGEUSDT;JTOUSDT;LINKUSDT,4,0.54,-16727.45,False,
RENDERUSDT,4h,price_channel,PERIOD=60,1.55,42.9,20.93,21,1.23,50.0,16.03,10,20.65,robust,4434.98,1.5,46.7,20.93,30,ARUSDT;DOGEUSDT;JTOUSDT;LINKUSDT,4,0.54,-16727.45,False,
SOLUSDT,1h,bollinger_bounce,PERIOD=15|NUM_STD=2.5,1.24,36.4,8.7,33,1.49,46.2,5.38,13,-20.16,robust,1170.81,1.3,39.1,8.7,46,ARUSDT;DOGEUSDT;JTOUSDT;LINKUSDT,4,0.64,-7284.66,False,
SOLUSDT,4h,rsi_ob_os,RSI_PERIOD=21,2.44,52.9,10.85,17,3.21,71.4,9.7,7,-31.56,robust,5563.01,2.47,56.0,10.85,25,ARUSDT;DOGEUSDT;JTOUSDT;LINKUSDT,4,0.6625,-8054.3,False,
TIAUSDT,1h,bollinger_bounce,PERIOD=15|NUM_STD=2.5,1.65,39.1,17.69,23,1.27,44.4,8.21,18,23.03,robust,2546.48,1.48,41.5,17.69,41,ARUSDT;DOGEUSDT;JTOUSDT;LINKUSDT,4,0.64,-7284.66,False,
AAVEUSDT,1h,cci_breakout,CCI_PERIOD=20|UP_LEVEL=150.0|DOWN_LEVEL=-150.0,1.53,44.0,14.81,75,1.29,42.4,13.84,33,15.69,robust,7173.33,1.45,43.5,15.86,108,ARUSDT;DOGEUSDT;JTOUSDT;LINKUSDT,4,0.745,-11571.31,False,
AAVEUSDT,4h,cci_breakout,CCI_PERIOD=20|UP_LEVEL=100.0|DOWN_LEVEL=-100.0,1.3,50.0,21.78,22,1.87,50.0,4.37,8,-43.85,robust,1775.44,1.23,43.8,21.78,32,,,,,,
AAVEUSDT,4h,cci_breakout,CCI_PERIOD=20|UP_LEVEL=100.0|DOWN_LEVEL=-150.0,1.31,42.9,19.18,21,1.23,42.9,9.82,7,6.11,robust,1507.16,1.22,41.4,19.18,29,,,,,,
AAVEUSDT,4h,obv_slope,WINDOW=25,1.46,47.8,23.05,23,1.35,60.0,12.11,5,7.53,robust,2612.73,1.31,44.8,26.53,29,ARUSDT;DOGEUSDT;JTOUSDT;LINKUSDT,4,0.825,-1999.88,False,
ADAUSDT,4h,sma_crossover,FAST_SMA=10|SLOW_SMA=50,1.24,35.3,24.27,17,6.36,83.3,5.73,6,-412.9,robust,4328.58,2.22,50.0,24.27,24,ARUSDT;DOGEUSDT;JTOUSDT;LINKUSDT,4,0.545,-10696.84,False,
ADAUSDT,4h,rsi_50_cross,RSI_PERIOD=14,1.36,34.6,21.04,26,4.01,66.7,14.92,6,-194.85,robust,5204.83,1.88,43.8,21.04,32,ARUSDT;DOGEUSDT;JTOUSDT;LINKUSDT,4,0.745,-8949.17,False,
ADAUSDT,4h,cci_breakout,CCI_PERIOD=10|UP_LEVEL=150.0|DOWN_LEVEL=-100.0,1.3,41.4,19.18,29,3.28,66.7,4.69,12,-152.31,robust,7594.42,2.0,51.2,19.18,41,ARUSDT;DOGEUSDT;JTOUSDT;LINKUSDT,4,0.6875,-10262.95,False,
ADAUSDT,4h,cci_breakout,CCI_PERIOD=20|UP_LEVEL=150.0|DOWN_LEVEL=-100.0,1.67,45.8,29.3,24,2.45,66.7,11.95,6,-46.71,robust,4539.56,1.87,48.4,29.3,31,ARUSDT;DOGEUSDT;JTOUSDT;LINKUSDT,4,0.485,-16536.95,False,
ADAUSDT,4h,cci_breakout,CCI_PERIOD=10|UP_LEVEL=100.0|DOWN_LEVEL=-100.0,1.28,39.5,25.21,38,1.6,53.8,11.0,13,-25.0,robust,5527.73,1.49,45.1,25.21,51,ARUSDT;DOGEUSDT;JTOUSDT;LINKUSDT,4,0.6525,-12917.93,False,
ADAUSDT,4h,roc_momentum,ROC_PERIOD=20,1.29,35.7,20.08,28,3.21,62.5,6.78,8,-148.84,robust,5148.56,1.81,43.2,20.08,37,ARUSDT;DOGEUSDT;JTOUSDT;LINKUSDT,4,0.905,-5438.37,False,
ALGOUSDT,1h,sma_crossover,FAST_SMA=50|SLOW_SMA=150,2.7,52.6,9.0,19,2.26,66.7,3.7,6,16.3,robust,4168.62,2.61,57.7,9.0,26,ARUSDT;DOGEUSDT;JTOUSDT;LINKUSDT,4,0.67,-6326.02,False,
ALGOUSDT,4h,rsi_50_cross,RSI_PERIOD=14,2.05,54.2,16.72,24,1.97,62.5,15.62,8,3.9,robust,8673.76,1.94,56.2,16.72,32,ARUSDT;DOGEUSDT;JTOUSDT;LINKUSDT,4,0.745,-8949.17,False,
ALGOUSDT,4h,roc_momentum,ROC_PERIOD=30,1.76,47.4,24.83,19,1.6,66.7,15.27,6,9.09,robust,4038.45,1.72,50.0,24.83,24,ARUSDT;DOGEUSDT;JTOUSDT;LINKUSDT,4,0.63,-11629.98,False,
ALGOUSDT,4h,obv_slope,WINDOW=25,1.79,45.0,15.49,20,2.41,80.0,13.39,5,-34.64,robust,4304.87,1.69,48.1,15.49,27,ARUSDT;DOGEUSDT;JTOUSDT;LINKUSDT,4,0.825,-1999.88,False,
BNBUSDT,4h,rsi_50_cross,RSI_PERIOD=7,1.27,42.4,10.82,33,,100.0,8.47,1,0.0,robust,415.74,1.07,37.8,17.43,45,,,,,,
BNBUSDT,4h,cci_breakout,CCI_PERIOD=20|UP_LEVEL=100.0|DOWN_LEVEL=-100.0,1.26,40.6,12.8,32,1.32,40.0,8.36,10,-4.76,robust,1034.35,1.19,38.6,22.12,44,,,,,,
BONKUSDT,4h,rsi_50_cross,RSI_PERIOD=14,1.43,43.8,31.87,16,1.24,40.0,22.34,10,13.29,robust,1347.81,1.19,37.5,31.87,24,,,,,,
BONKUSDT,4h,keltner_breakout,EMA_PERIOD=25|ATR_PERIOD=7|MULTIPLIER=2.0,1.27,39.1,28.59,23,2.89,60.0,5.22,5,-127.56,robust,3488.77,1.52,42.9,28.59,28,ARUSDT;DOGEUSDT;JTOUSDT;LINKUSDT,4,0.3433,-8883.87,False,
BONKUSDT,4h,obv_slope,WINDOW=10,1.78,41.2,27.95,17,,100.0,33.3,1,0.0,robust,2912.83,1.35,38.5,27.95,26,ARUSDT;DOGEUSDT;JTOUSDT;LINKUSDT,4,0.9125,866.6,False,
BONKUSDT,4h,cci_breakout,CCI_PERIOD=20|UP_LEVEL=150.0|DOWN_LEVEL=-150.0,1.75,42.9,30.07,21,1.63,50.0,14.83,6,6.86,robust,3602.48,1.57,42.9,30.07,28,ARUSDT;DOGEUSDT;JTOUSDT;LINKUSDT,4,0.515,-12934.47,False,
BONKUSDT,4h,cci_breakout,CCI_PERIOD=30|UP_LEVEL=150.0|DOWN_LEVEL=-100.0,2.03,47.4,26.33,19,1.63,44.4,14.83,9,19.7,robust,5494.69,1.83,46.4,26.33,28,ARUSDT;DOGEUSDT;JTOUSDT;LINKUSDT,4,0.55,-14082.93,False,
BONKUSDT,4h,cci_breakout,CCI_PERIOD=10|UP_LEVEL=150.0|DOWN_LEVEL=-100.0,1.26,38.7,32.35,31,1.6,50.0,21.63,10,-26.98,robust,519.83,1.05,35.0,32.35,40,,,,,,
BONKUSDT,4h,cci_breakout,CCI_PERIOD=20|UP_LEVEL=100.0|DOWN_LEVEL=-150.0,2.27,47.8,31.27,23,1.6,50.0,15.05,6,29.52,robust,5907.43,1.86,46.7,31.27,30,ARUSDT;DOGEUSDT;JTOUSDT;LINKUSDT,4,0.6075,-12949.91,False,
BONKUSDT,4h,cci_breakout,CCI_PERIOD=30|UP_LEVEL=150.0|DOWN_LEVEL=-150.0,1.54,43.8,17.56,16,1.52,50.0,11.25,6,1.3,robust,2573.78,1.42,43.5,17.56,23,ARUSDT;DOGEUSDT;JTOUSDT;LINKUSDT,4,0.5175,-11465.15,False,
DOTUSDT,4h,cci_breakout,CCI_PERIOD=30|UP_LEVEL=150.0|DOWN_LEVEL=-100.0,1.42,41.2,15.32,17,5.61,80.0,5.81,5,-295.07,robust,4306.57,1.94,50.0,17.64,24,ARUSDT;DOGEUSDT;JTOUSDT;LINKUSDT,4,0.55,-14082.93,False,
EGLDUSDT,4h,cci_breakout,CCI_PERIOD=30|UP_LEVEL=150.0|DOWN_LEVEL=-100.0,1.81,47.4,12.91,19,4.93,62.5,9.09,8,-172.38,robust,7944.89,2.5,51.7,12.91,29,ARUSDT;DOGEUSDT;JTOUSDT;LINKUSDT,4,0.55,-14082.93,False,
EGLDUSDT,4h,cci_breakout,CCI_PERIOD=30|UP_LEVEL=100.0|DOWN_LEVEL=-100.0,1.83,50.0,10.54,20,2.44,50.0,10.43,8,-33.33,robust,6604.64,2.02,50.0,10.54,30,ARUSDT;DOGEUSDT;JTOUSDT;LINKUSDT,4,0.77,-8428.41,False,
EGLDUSDT,4h,cci_breakout,CCI_PERIOD=30|UP_LEVEL=100.0|DOWN_LEVEL=-150.0,1.85,50.0,12.02,16,2.01,42.9,10.86,7,-8.65,robust,5018.61,1.9,48.0,13.4,25,ARUSDT;DOGEUSDT;JTOUSDT;LINKUSDT,4,0.705,-6838.52,False,
EGLDUSDT,4h,cci_breakout,CCI_PERIOD=20|UP_LEVEL=150.0|DOWN_LEVEL=-150.0,1.27,42.9,13.39,21,1.58,42.9,8.63,7,-24.41,robust,2893.67,1.46,44.8,13.39,29,ARUSDT;DOGEUSDT;JTOUSDT;LINKUSDT,4,0.515,-12934.47,False,
FILUSDT,4h,cci_breakout,CCI_PERIOD=10|UP_LEVEL=150.0|DOWN_LEVEL=-100.0,1.53,44.4,18.2,18,1.37,40.0,15.07,15,10.46,robust,6603.47,2.12,48.0,18.2,25,ARUSDT;DOGEUSDT;JTOUSDT;LINKUSDT,4,0.6875,-10262.95,False,
FLOKIUSDT,4h,rsi_50_cross,RSI_PERIOD=14,1.26,40.0,26.61,30,5.06,80.0,10.22,5,-301.59,robust,3560.45,1.5,45.7,26.61,35,ARUSDT;DOGEUSDT;JTOUSDT;LINKUSDT,4,0.745,-8949.17,False,
FLOKIUSDT,4h,rsi_50_cross,RSI_PERIOD=21,1.35,40.7,20.69,27,4.95,75.0,7.37,8,-266.67,robust,4617.21,1.68,45.7,20.69,35,ARUSDT;DOGEUSDT;JTOUSDT;LINKUSDT,4,0.87,-5996.53,False,
FLOWUSDT,1h,sma_crossover,FAST_SMA=30|SLOW_SMA=200,1.75,44.4,6.76,18,1.88,62.5,7.44,8,-7.43,robust,3394.66,2.03,51.9,7.89,27,ARUSDT;DOGEUSDT;JTOUSDT;LINKUSDT,4,0.515,-9174.72,False,
FLOWUSDT,1h,sma_crossover,FAST_SMA=30|SLOW_SMA=150,1.2,45.5,8.39,22,1.63,44.4,9.79,9,-35.83,robust,1362.4,1.32,45.5,9.79,33,ARUSDT;DOGEUSDT;JTOUSDT;LINKUSDT,4,0.7275,-5058.4,False,
FLOWUSDT,4h,obv_slope,WINDOW=25,1.41,42.9,8.86,21,2.2,60.0,18.91,10,-56.03,robust,4545.53,1.63,46.9,18.91,32,ARUSDT;DOGEUSDT;JTOUSDT;LINKUSDT,4,0.825,-1999.88,False,
GRTUSDT,4h,obv_slope,WINDOW=25,1.28,40.9,15.12,22,1.59,44.4,12.2,9,-24.22,robust,1475.61,1.24,39.4,17.16,33,,,,,,
HBARUSDT,1h,sma_crossover,FAST_SMA=50|SLOW_SMA=200,1.35,40.0,6.09,15,1.8,50.0,3.35,6,-33.33,robust,875.61,1.45,43.5,6.09,23,ARUSDT;DOGEUSDT;JTOUSDT;LINKUSDT,4,0.46,-8907.03,False,
HBARUSDT,4h,roc_momentum,ROC_PERIOD=30,1.34,42.3,18.24,26,2.09,50.0,6.85,10,-55.97,robust,2780.86,1.57,44.4,18.24,36,ARUSDT;DOGEUSDT;JTOUSDT;LINKUSDT,4,0.63,-11629.98,False,
JUPUSDT,4h,sma_crossover,FAST_SMA=30|SLOW_SMA=50,1.55,53.3,23.45,15,1.92,66.7,6.29,6,-23.87,robust,3938.39,1.63,57.1,23.45,21,ARUSDT;DOGEUSDT;JTOUSDT;LINKUSDT,4,0.77,-4214.7,False,
LTCUSDT,4h,cci_breakout,CCI_PERIOD=30|UP_LEVEL=100.0|DOWN_LEVEL=-150.0,1.34,38.1,15.6,21,2.32,50.0,4.5,6,-73.13,robust,988.21,1.29,37.0,15.6,27,,,,,,
NEARUSDT,4h,keltner_breakout,EMA_PERIOD=25|ATR_PERIOD=14|MULTIPLIER=2.0,1.54,50.0,31.62,20,1.32,42.9,9.36,7,14.29,robust,4855.77,1.49,48.1,34.61,27,ARUSDT;DOGEUSDT;JTOUSDT;LINKUSDT,4,0.515,-14340.5,False,
PEPEUSDT,4h,cci_breakout,CCI_PERIOD=30|UP_LEVEL=150.0|DOWN_LEVEL=-150.0,2.11,53.3,28.11,15,3.16,50.0,7.54,4,-49.76,robust,3375.92,1.96,47.4,28.11,19,,,,,,
PEPEUSDT,4h,cci_breakout,CCI_PERIOD=30|UP_LEVEL=150.0|DOWN_LEVEL=-100.0,1.29,44.4,34.72,18,1.49,40.0,7.54,5,-15.5,robust,587.54,1.12,37.5,34.72,24,,,,,,
RAYUSDT,1h,sma_crossover,FAST_SMA=50|SLOW_SMA=200,1.25,37.5,8.35,24,5.7,66.7,1.19,3,-356.0,robust,558.93,1.18,35.7,11.17,28,,,,,,
RAYUSDT,4h,cci_breakout,CCI_PERIOD=10|UP_LEVEL=100.0|DOWN_LEVEL=-150.0,1.4,44.0,16.15,25,4.58,44.4,9.86,9,-227.14,robust,7874.39,1.99,45.7,18.8,35,ARUSDT;DOGEUSDT;JTOUSDT;LINKUSDT,4,0.6325,-14374.3,False,
RAYUSDT,4h,cci_breakout,CCI_PERIOD=30|UP_LEVEL=100.0|DOWN_LEVEL=-150.0,1.84,50.0,16.42,16,2.89,83.3,17.23,6,-57.07,robust,10783.66,2.41,60.9,17.23,23,ARUSDT;DOGEUSDT;JTOUSDT;LINKUSDT,4,0.705,-6838.52,False,
RAYUSDT,4h,cci_breakout,CCI_PERIOD=30|UP_LEVEL=100.0|DOWN_LEVEL=-100.0,1.32,38.9,14.62,18,2.49,66.7,17.23,6,-88.64,robust,6735.22,1.84,48.0,17.23,25,ARUSDT;DOGEUSDT;JTOUSDT;LINKUSDT,4,0.77,-8428.41,False,
RENDERUSDT,4h,donchian_breakout,LOOKBACK=25,1.39,38.9,23.96,18,1.2,55.6,16.12,9,13.67,robust,2139.7,1.33,44.4,23.96,27,ARUSDT;DOGEUSDT;JTOUSDT;LINKUSDT,4,0.54,-15931.49,False,
SANDUSDT,4h,cci_breakout,CCI_PERIOD=30|UP_LEVEL=100.0|DOWN_LEVEL=-150.0,1.38,41.2,19.27,17,,100.0,1.26,3,0.0,robust,3795.6,2.2,52.4,19.27,21,ARUSDT;DOGEUSDT;JTOUSDT;LINKUSDT,4,0.705,-6838.52,False,
SEIUSDT,30m,keltner_breakout,EMA_PERIOD=15|ATR_PERIOD=7|MULTIPLIER=3.0,1.84,53.3,6.71,15,1.48,42.9,4.38,7,19.57,robust,1300.3,1.73,50.0,6.71,22,ARUSDT;DOGEUSDT;JTOUSDT;LINKUSDT,4,0.5125,-5508.49,False,
SLPUSDT,4h,cci_breakout,CCI_PERIOD=30|UP_LEVEL=100.0|DOWN_LEVEL=-150.0,1.43,40.9,18.47,22,1.83,60.0,7.93,5,-27.97,robust,1960.28,1.27,39.3,18.47,28,,,,,,
SUIUSDT,4h,rsi_50_cross,RSI_PERIOD=21,1.7,42.1,21.0,19,4.45,55.6,9.11,9,-161.76,robust,7765.32,2.44,48.3,21.0,29,ARUSDT;DOGEUSDT;JTOUSDT;LINKUSDT,4,0.87,-5996.53,False,
SUIUSDT,4h,cci_breakout,CCI_PERIOD=10|UP_LEVEL=150.0|DOWN_LEVEL=-100.0,1.28,40.7,20.49,27,2.44,50.0,8.97,10,-90.62,robust,5386.89,1.59,44.7,20.49,38,ARUSDT;DOGEUSDT;JTOUSDT;LINKUSDT,4,0.6875,-10262.95,False,
SUIUSDT,4h,cci_breakout,CCI_PERIOD=10|UP_LEVEL=100.0|DOWN_LEVEL=-100.0,1.71,46.4,21.71,28,1.71,50.0,10.92,12,0.0,robust,7095.62,1.58,45.2,26.19,42,ARUSDT;DOGEUSDT;JTOUSDT;LINKUSDT,4,0.6525,-12917.93,False,
SUIUSDT,4h,roc_momentum,ROC_PERIOD=30,2.11,45.0,13.34,20,2.27,55.6,8.39,9,-7.58,robust,7132.7,2.29,50.0,13.34,30,ARUSDT;DOGEUSDT;JTOUSDT;LINKUSDT,4,0.63,-11629.98,False,
THETAUSDT,1h,sma_crossover,FAST_SMA=50|SLOW_SMA=100,1.34,43.8,9.86,32,1.79,38.5,10.41,13,-33.58,robust,2318.6,1.38,40.4,11.7,47,ARUSDT;DOGEUSDT;JTOUSDT;LINKUSDT,4,0.755,-5183.2,False,
THETAUSDT,4h,cci_breakout,CCI_PERIOD=30|UP_LEVEL=100.0|DOWN_LEVEL=-150.0,2.31,61.1,14.89,18,3.0,57.1,4.86,7,-29.87,robust,9709.42,2.6,61.5,14.89,26,ARUSDT;DOGEUSDT;JTOUSDT;LINKUSDT,4,0.705,-6838.52,False,
THETAUSDT,4h,obv_slope,WINDOW=25,1.87,52.2,11.38,23,2.82,55.6,8.97,9,-50.8,robust,7458.48,1.91,50.0,11.38,34,ARUSDT;DOGEUSDT;JTOUSDT;LINKUSDT,4,0.825,-1999.88,False,
VETUSDT,4h,obv_slope,WINDOW=10,1.39,42.3,12.03,26,,100.0,10.82,1,0.0,robust,-636.71,0.95,38.1,34.47,42,,,,,,
WLDUSDT,4h,keltner_breakout,EMA_PERIOD=15|ATR_PERIOD=14|MULTIPLIER=2.0,1.92,44.4,26.79,18,1.42,42.9,12.43,7,26.04,robust,7311.5,1.76,44.0,26.79,25,ARUSDT;DOGEUSDT;JTOUSDT;LINKUSDT,4,0.6025,-9401.54,False,
XRPUSDT,4h,rsi_50_cross,RSI_PERIOD=7,1.22,33.3,21.65,24,,100.0,15.25,1,0.0,robust,-44.13,0.99,30.6,21.65,36,,,,,,
XRPUSDT,4h,cci_breakout,CCI_PERIOD=10|UP_LEVEL=150.0|DOWN_LEVEL=-150.0,1.3,40.0,12.37,20,3.35,60.0,5.88,10,-157.69,robust,3839.5,2.12,50.0,12.37,30,ARUSDT;DOGEUSDT;JTOUSDT;LINKUSDT,4,0.625,-11850.9,False,
XTZUSDT,4h,cci_breakout,CCI_PERIOD=30|UP_LEVEL=100.0|DOWN_LEVEL=-150.0,1.89,47.1,7.36,17,1.85,50.0,8.38,8,2.12,robust,3921.64,1.86,50.0,8.38,26,ARUSDT;DOGEUSDT;JTOUSDT;LINKUSDT,4,0.705,-6838.52,False,
XTZUSDT,4h,cci_breakout,CCI_PERIOD=30|UP_LEVEL=100.0|DOWN_LEVEL=-100.0,1.44,43.5,10.98,23,1.82,50.0,8.38,8,-26.39,robust,3014.09,1.54,46.9,10.98,32,ARUSDT;DOGEUSDT;JTOUSDT;LINKUSDT,4,0.77,-8428.41,False,
XTZUSDT,4h,keltner_breakout,EMA_PERIOD=25|ATR_PERIOD=7|MULTIPLIER=2.0,1.82,45.0,10.13,20,1.84,50.0,14.8,10,-1.1,robust,4752.49,1.8,46.7,16.92,30,ARUSDT;DOGEUSDT;JTOUSDT;LINKUSDT,4,0.3433,-8883.87,False,
XTZUSDT,4h,obv_slope,WINDOW=25,1.22,40.9,11.08,22,1.89,62.5,13.14,8,-54.92,robust,3351.99,1.52,48.4,13.14,31,ARUSDT;DOGEUSDT;JTOUSDT;LINKUSDT,4,0.825,-1999.88,False,
